order	status	idx	cue	category	fields	hashtags
1	completed_pilot40	7	raise_fists_victory	B	movement|pose	arms_raised axis_z bimanual bimanual_celebration body_space celebration closed_hand hold_segment pilot40_evaluated pipeline_completed pose_plus_movement power_gesture semantic_both semantic_celebration semantic_clenched semantic_energetically semantic_fists semantic_raise semantic_upward triumph triumph_pose two_stage_gesture upward_axis
2	completed_pilot40	8	fist_pump	A	movement|pose	axis_z celebration closed_hand hold_segment interaction_arm pilot40_evaluated pipeline_completed pose_plus_movement power_gesture semantic_clenched semantic_fist semantic_raise semantic_short semantic_thrust semantic_upward single_arm_triumph social_signal two_stage_gesture upward_axis vertical_thrust
3	completed_pilot40	9	flex_bicep	A	movement|pose	arm_flexion axis_z bicep_pose hold_segment interaction_arm pilot40_evaluated pipeline_completed pose_plus_movement semantic_area semantic_bend semantic_bicep semantic_confidence semantic_display semantic_strength semantic_tighten social_signal strength_display strength_pose two_stage_gesture
4	completed_pilot40	10	shrug_idk	A & W	movement|pose	axis_z doubt epistemic_uncertainty full_body_express pilot40_evaluated pipeline_completed pose_plus_movement semantic_arms semantic_loosening semantic_raise semantic_shoulders semantic_uncertainty shoulder_lift shoulder_motion torso_arm_combo two_stage_gesture uncertainty
5	completed_pilot40		self_scratch_head_confused	H & F	movement|pose	axis_z bidirectional_axis body_pointing confusion confusion_display contact_repetition face_adjacent face_hand_combo first_person head_contact head_region oscillatory pilot40_evaluated pipeline_completed pose_plus_movement repetition self_reference semantic_head semantic_motions semantic_move semantic_repetitive semantic_scratching two_stage_gesture
6	completed_pilot40	12	facepalm	H & F	movement|pose	axis_x embarrassment exasperation face_contact face_hand_combo face_slap_cover head_contact head_region hold_segment open_hand palm_gesture palm_visible pilot40_evaluated pipeline_completed pose_plus_movement semantic_bring semantic_covering semantic_face semantic_palm two_stage_gesture
7	completed_pilot40	13	point_self	A	movement|pose	axis_x body_pointing chest_target deictic finger_articulation first_person first_person_deictic interaction_arm pilot40_evaluated pipeline_completed pointing points_to_own_body pose_plus_movement reference self_reference semantic_area semantic_chest semantic_direct semantic_finger social_signal two_stage_gesture
8	completed_pilot40	14	point_you	A	movement|pose	addressee addressee_directed axis_x deictic finger_articulation interaction_arm other_reference palm_gesture pilot40_evaluated pipeline_completed pointing points_to_other pose_plus_movement reference second_person_deictic semantic_extend semantic_finger semantic_object semantic_orient semantic_palm semantic_person social_signal two_stage_gesture
9	completed_pilot40	15	beckon_come_here	A	movement|pose	approach_invite axis_z come_here forward_axis interaction_arm inward_repetition oscillatory pilot40_evaluated pipeline_completed pose_plus_movement repetition repetitive_pull rhythmic semantic_extend semantic_forward semantic_inward semantic_pull social_signal social_summon two_stage_gesture
10	completed_pilot40	16	stop_palm_out	A	pose	axis_x blocking halt_signal hold hold_segment interaction_arm open_hand outward_palm_barrier palm_gesture palm_visible pilot40_evaluated pipeline_completed pose_primary prohibition semantic_firmly semantic_hold semantic_outward semantic_palm semantic_position semantic_raise social_signal static_configuration static_segment
11	completed_pilot40	17	pat_stomach	H & F	movement|pose	abdomen_target axis_x comfort contact_repetition face_hand_combo head_contact oscillatory pilot40_evaluated pipeline_completed pose_plus_movement repetition satiety_or_comfort self_petting semantic_full semantic_hungry semantic_lightly semantic_stomach tapping torso_contact two_stage_gesture
12	completed_pilot40	18	fan_face_hot	H & F	movement|pose	axis_z bidirectional_axis cooling_gesture face_contact face_hand_combo head_contact head_region heat_relief lateral_oscillation oscillatory pilot40_evaluated pipeline_completed pose_plus_movement repetition self_face self_face_target semantic_face two_stage_gesture wrist_fanning
13	completed_pilot40	19	cover_yawn_sleepy	H & F	movement|pose	axis_x face_cover face_hand_combo fatigue head_contact hold_segment inhibition low_energy mouth_opening pilot40_evaluated pipeline_completed pose_plus_movement semantic_cover semantic_mouth semantic_open semantic_sleepy semantic_wide semantic_yawn sleepiness sleepiness_display two_stage_gesture
14	completed_pilot40	20	rub_eye_tired	H & F	movement|pose	axis_y bidirectional_axis contact_repetition eye_region face_hand_combo face_region fatigue fatigue_display gaze_related head_contact oscillatory periocular_rub pilot40_evaluated pipeline_completed pose_plus_movement repetition rhythmic semantic_area semantic_fatigue two_stage_gesture
15	completed_pilot40	21	tap_temple_think	H & F	movement|pose	axis_y bidirectional_axis cognitive_gesture face_hand_combo head_contact head_region oscillatory pilot40_evaluated pipeline_completed pose_plus_movement repetition rhythmic semantic_area semantic_cognitive semantic_imply semantic_processing semantic_temple semantic_touch temple_contact temple_tap thinking_display two_stage_gesture
16	completed_pilot40	22	circle_temple_crazy	H & F	movement|pose	arc_path circular_path circular_trace cognitive_gesture face_hand_combo finger_articulation head_contact head_region pilot40_evaluated pipeline_completed pose_plus_movement repetition repetitive_trace rhythmic rotation semantic_finger semantic_imply semantic_irrationality semantic_near semantic_rotate semantic_temple stigma_gesture stigma_insanity temple_trace two_stage_gesture
17	completed_pilot40	23	lean_forward_interest	W	movement|pose	attention attention_forward axis_x body_position engagement engagement_level forward_axis hold_segment pilot40_evaluated pipeline_completed pose_plus_movement prosocial_lean semantic_attention semantic_forward semantic_tilt semantic_upper torso_posture torso_weight two_stage_gesture
18	completed_pilot40	24	cover_mouth_gasp	H & F	movement|pose	axis_x face_cover face_hand_combo face_region head_contact inhibition mouth_cover pilot40_evaluated pipeline_completed pose_plus_movement semantic_cover semantic_following semantic_mouth semantic_move semantic_rapidly semantic_reaction semantic_surprise surprise_display surprise_reaction two_stage_gesture
19	completed_pilot40	25	cheers_toast	A	movement|pose	axis_x celebration celebratory_extension clink_motion forward_reach hold_segment interaction_arm pilot40_evaluated pipeline_completed pose_plus_movement semantic_celebratory semantic_making semantic_outward semantic_raise semantic_toast semantic_upward social_ritual social_signal two_stage_gesture upward_axis
20	completed_pilot40	26	highfive_invite	A	movement|pose	axis_z celebration contact_invitation hold interaction_arm invitation joint_action palm_gesture pilot40_evaluated pipeline_completed pose_plus_movement semantic_contact semantic_hold semantic_invite semantic_level semantic_outward semantic_palm semantic_raise semantic_shoulder social_contact_invite social_offer social_signal static_segment two_stage_gesture
21	completed_pilot40	27	highfive_imitation	A	movement|pose	axis_x celebration hold_segment interaction_arm joint_action mirror_partner palm_gesture pilot40_evaluated pipeline_completed pose_plus_movement semantic_mirror semantic_palm semantic_raised semantic_synchronization social_contact_invite social_signal synchronization two_stage_gesture
22	completed_pilot40	28	fistbump_invite	A	movement|pose	axis_x casual_greeting closed_hand contact_invitation forward_axis hold_segment interaction_arm invitation joint_action mid_action_freeze pause pilot40_evaluated pipeline_completed pose_plus_movement power_gesture semantic_closed semantic_contact semantic_extend semantic_fist semantic_forward semantic_invite semantic_pause social_contact_invite social_offer social_signal two_stage_gesture
23	completed_pilot40	30	pat_self_back	A	movement|pose	axis_z behind_body bidirectional_axis body_pointing comfort contact_repetition first_person interaction_arm oscillatory pilot40_evaluated pipeline_completed pose_plus_movement repetition self_congratulation self_reference semantic_area semantic_back semantic_congratulatory semantic_move semantic_self semantic_shoulder semantic_upper social_signal tapping two_stage_gesture upper_back_target
24	completed_pilot40	32	throat_cut_stop	H & F	movement|pose	blocking face_hand_combo head_contact line_path line_path_gesture metaphoric_cut neck_region pilot40_evaluated pipeline_completed pose_plus_movement prohibition semantic_across semantic_horizontally semantic_move semantic_sharply semantic_stopping semantic_throat severe_stop stop_signal two_stage_gesture
25	completed_pilot40	35	salute	A	pose	axis_z forehead_contact formal_greeting hold_segment interaction_arm pilot40_evaluated pipeline_completed pose_primary semantic_acknowledgment semantic_brief semantic_forehead semantic_formal semantic_raise social_signal static_configuration
26	completed_pilot40	36	visor_search	A	movement|pose	axis_y bidirectional_axis eye_region eyes_shade forehead_salute_variant head_region interaction_arm looking_distance oscillatory pilot40_evaluated pipeline_completed pose_plus_movement repetition search_behavior search_posture semantic_above semantic_blocking semantic_environment semantic_eyes semantic_light semantic_place semantic_scanning sensory_block social_signal two_stage_gesture
27	completed_pilot40	37	yield_turn	A	movement	axis_x conversation_yield dynamic_only_spec hand_lower interaction_arm movement_primary pilot40_evaluated pipeline_completed retract semantic_conversational semantic_lower semantic_retract semantic_yielding social_signal turn_taking
28	completed_pilot40	39	request_turn	A	movement|pose	axis_x floor_request forward_axis hand_raise_small interaction_arm pilot40_evaluated pipeline_completed pose_plus_movement semantic_action semantic_forward semantic_opportunity semantic_raise semantic_request semantic_speaking social_request social_signal turn_taking two_stage_gesture
29	completed_pilot40	40	guiding_arm	A	movement|pose	arm_trajectory direction_indication interaction_arm pilot40_evaluated pipeline_completed pose_plus_movement semantic_destination semantic_direction semantic_invitation semantic_outward semantic_sweep social_signal sweeping_arm two_stage_gesture
30	completed_pilot40	41	protective_arm_out	A	movement|pose	arm_trajectory axis_x interaction_arm lateral_barrier_arm pilot40_evaluated pipeline_completed pose_plus_movement semantic_entity semantic_extend semantic_laterally semantic_protectively shield_other shielding social_signal spatial_barrier two_stage_gesture
31	completed_pilot40	45	slow_down_request_palm_down	A	movement|pose	axis_z calming calming_down downward_axis downward_palm_beat interaction_arm open_hand palm_gesture palm_visible pilot40_evaluated pipeline_completed pose_plus_movement repetition rhythmic semantic_calming semantic_downward semantic_move semantic_palm semantic_slowing social_request social_signal tempo_control turn_taking two_stage_gesture
32	completed_pilot40	50	firm_accept_forward_reach	A	movement|pose	axis_x commitment decisive decisive_extension forward_axis forward_extension hold_segment interaction_arm pilot40_evaluated pipeline_completed pose_plus_movement semantic_decisively semantic_direct semantic_extension semantic_forward semantic_reach semantic_stable social_signal spatial_approach two_stage_gesture
33	completed_pilot40	59	nod_yes	F	movement	affirmation axis_z bidirectional_axis downward_axis dynamic_only_spec face_gaze head_motion head_oscillation movement_primary oscillatory pilot40_evaluated pipeline_completed repetition rhythmic semantic_downward semantic_head semantic_rhythmic semantic_tilt semantic_upward upward_axis vertical_head_bob yes
34	completed_pilot40	60	shake_head_no	F	movement	axis_y bidirectional_axis dynamic_only_spec face_adjacent face_gaze head_motion head_oscillation head_region horizontal_head_shake lateral_axis movement_primary negation no oscillatory pilot40_evaluated pipeline_completed repetition rhythmic rotation semantic_disagreement semantic_head semantic_rotate semantic_side
35	completed_pilot40	61	air_quotes	B	movement|pose	axis_z bidirectional_axis bimanual bimanual_fingers body_space discourse_marker finger_articulation finger_pair ironic_quotation irony oscillatory pilot40_evaluated pipeline_completed pose_plus_movement repetition rhythmic semantic_both semantic_fingers semantic_flex semantic_hands semantic_index semantic_middle semantic_quotation two_stage_gesture
36	completed_pilot40	64	tilt_head_curious	F	pose	axis_z curiosity face_adjacent face_gaze head_motion head_region head_tilt hold_segment lateral_axis lateral_head_incline pilot40_evaluated pipeline_completed pose_primary semantic_attention semantic_head semantic_incline semantic_maintaining semantic_sideways semantic_visual static_configuration
37	completed_pilot40	66	shh_gesture	H & F	movement|pose	axis_x face_hand_combo finger_articulation head_contact hold hold_segment index_finger pilot40_evaluated pipeline_completed pose_plus_movement semantic_finger semantic_hold semantic_mouth semantic_near semantic_raise semantic_vertically silence_request static_segment two_stage_gesture
38	completed_pilot40	74	hands_up_surrender	B	pose	axis_x bimanual body_space compliance hand_focus hold_segment non_threat_posture open_hands_up palm_gesture pilot40_evaluated pipeline_completed pose_primary semantic_both semantic_hands semantic_open semantic_palms semantic_raise semantic_surrender semantic_upward static_configuration submission upward_axis
39	completed_pilot40	104	scale_expand	A	movement|pose	arc_path arms_outward interaction_arm magnitude magnitude_metaphor pilot40_evaluated pipeline_completed pose_plus_movement semantic_arms semantic_illustrate semantic_increasing semantic_magnitude semantic_move semantic_outward semantic_size size_metaphor_large social_signal spatial_expansion two_stage_gesture
40	pending_new51	51	hesitant_accept_half_reach	A	movement|pose	forward_axis forward_extension interaction_arm low_confidence_approach partial_extension pause_mid_action pose_plus_movement semantic_confidence semantic_extend semantic_forward semantic_partially semantic_reduced semantic_slower social_signal spatial_approach two_stage_gesture uncertainty
41	pending_new51	52	cancel_previous_offer_retract	A	movement	dynamic_only_spec interaction_arm movement_primary offer_cancel offer_withdrawal semantic_back semantic_extended semantic_previously semantic_pull social_signal withdrawal
42	pending_new51	53	conditional_accept_pause_then_reach	A	movement|pose	delayed_commitment forward_axis forward_extension interaction_arm mid_action_freeze pause pose_plus_movement semantic_conditionally semantic_extending semantic_forward semantic_pause social_signal spatial_approach two_stage_gesture
43	pending_new51	54	final_decision_down_press	A	movement|pose	commitment_signal downward_axis downward_emphasis interaction_arm pose_plus_movement semantic_commitment semantic_downward semantic_finalization semantic_firmly semantic_move social_signal two_stage_gesture
44	pending_new51	55	resume_speaking_pull	A	movement	dynamic_only_spec floor_claim interaction_arm movement_primary pull_to_torso semantic_control semantic_conversational semantic_inward semantic_pull semantic_reclaim semantic_torso social_signal torso_motion
45	pending_new51	56	emphasize_point_downbeat	A	movement|pose	deictic downbeat_accent downward_axis interaction_arm pointing pose_plus_movement reference rhetorical_stress semantic_beat semantic_downward semantic_emphasize semantic_sharp semantic_statement social_signal two_stage_gesture
46	pending_new51	95	prepare_action_raise_hold	A	movement|pose	hold interaction_arm pause pose_plus_movement pre_action readiness_pose semantic_action semantic_hold semantic_preparation semantic_raise social_signal static_hold static_segment two_stage_gesture
47	pending_new51	105	scale_compress	A	movement|pose	interaction_arm magnitude magnitude_metaphor pose_plus_movement semantic_bring semantic_compression semantic_hands semantic_inward semantic_reduction size_metaphor_small social_signal spatial_compression two_stage_gesture
48	pending_new51	106	uncertainty_wave	A	movement	dynamic_only_spec interaction_arm lateral_axis lateral_motion loose_lateral_wave movement_primary oscillation semantic_loosely semantic_move semantic_side semantic_uncertainty social_signal uncertainty
49	pending_new51	31	draw_circle_repeat	H	movement	air_circle circular_path conversation_meta dynamic_only_spec movement_primary repeated_trace repetition repetitive_trace rhythmic semantic_circular semantic_trace timing_control
50	pending_new51	44	clarification_request_palm_tilt	H	movement|pose	clarify conversation_meta lateral_axis open_hand palm_gesture palm_visible pose_plus_movement questioning_palm semantic_clarification semantic_palm semantic_request semantic_sideways semantic_tilt semantic_upward social_request timing_control turn_taking two_stage_gesture upward_axis
51	pending_new51	46	speed_up_circular_cue	H	movement	circular_speed_signal conversation_meta dynamic_only_spec hurry_up movement_primary repetition rhythmic rotation semantic_circles semantic_encourage semantic_faster semantic_progress semantic_repeated semantic_rotate timing_control
52	pending_new51	49	polite_decline_small_push	H	movement|pose	conversation_meta pose_plus_movement rejection semantic_offer semantic_outward semantic_pushing semantic_reject semantic_softly small_push soft_rejection timing_control two_stage_gesture
53	pending_new51	57	unsure_response_hand_hover_stop	H	movement|pose	blocking conversation_meta forward_axis hand_focus hold indecision mid_action_freeze midair_freeze pause pose_plus_movement prohibition semantic_forward semantic_hold semantic_midair semantic_move semantic_pause semantic_uncertainly static_segment timing_control two_stage_gesture uncertainty
54	pending_new51	65	raise_index_one_moment	H	movement|pose	conversation_meta finger_articulation index_finger mid_action_freeze one_moment pause pause_request pose_plus_movement semantic_finger semantic_index semantic_pause semantic_raise semantic_request semantic_short semantic_vertically timing_control two_stage_gesture wait_signal
55	pending_new51	73	curl_fingers_give_me	H	movement	beckon_fingers come_here_variant conversation_meta dynamic_only_spec finger_articulation finger_motion movement_primary object_request repetition rhythmic semantic_approach semantic_curl semantic_fingers semantic_inward semantic_request semantic_transfer timing_control
56	pending_new51	90	start_action_forward_snap	H	movement|pose	conversation_meta forward_axis pose_plus_movement semantic_action semantic_forward semantic_initiate semantic_quickly semantic_snap snap_initiation timing_control two_stage_gesture
57	pending_new51	92	retry_action_reset_circle	H	movement	circular_path conversation_meta dynamic_only_spec movement_primary repetitive_trace reset_loop retry semantic_action semantic_again semantic_attempting semantic_loop semantic_retract timing_control
58	pending_new51	97	hesitation_pause_hold	H	movement	conversation_meta dynamic_only_spec movement_primary pause pause_mid_action pause_resume semantic_action semantic_begin semantic_confidence semantic_continue semantic_freeze semantic_reduced semantic_then static_hold stutter_motion timing_control uncertainty
59	pending_new51	108	interrupt_hard	H	movement	abrupt_stop conversation_control conversation_meta dynamic_only_spec flow_break hard_cut movement_primary semantic_break semantic_cutting semantic_flow semantic_sharp semantic_stopping semantic_sudden timing_control
60	pending_new51	109	interrupt_soft	H	movement	conversation_control conversation_meta dynamic_only_spec flow_break gentle_interrupt mid_action_freeze movement_primary pause semantic_gentle semantic_introduce semantic_lifting semantic_pause semantic_slowing soft_pause timing_control
61	pending_new51	62	self_hug	B	pose	affiliation bimanual body_pointing body_space comfort first_person pose_primary self_contact self_embrace self_reference semantic_across semantic_arms semantic_both semantic_contact semantic_inward semantic_self semantic_torso semantic_wrap static_configuration torso_motion
62	pending_new51	67	rub_arms_cold	B	movement|pose	arm_trajectory bimanual body_space contact_repetition discomfort fatigue pose_plus_movement repetition rhythmic self_rubbing semantic_arms semantic_both semantic_cold semantic_feeling semantic_simulate thermoregulation_pantomime two_stage_gesture
63	pending_new51	69	cross_arms_defensive	B	pose	arm_trajectory barrier bimanual body_space closed_posture closure defensive_posture pose_primary resistance semantic_across semantic_arms semantic_both semantic_chest semantic_closure semantic_fold semantic_resistance semantic_tightly static_configuration
64	pending_new51	72	palms_together_thank_you	B	pose	addressee bimanual body_space deictic gratitude gratitude_pose open_hand other_reference palm_gesture palm_visible palms_together pose_primary prayer_hands semantic_both semantic_front semantic_palms semantic_press semantic_respectfully semantic_together static_configuration
65	pending_new51	75	arms_open_welcome	B	pose	affiliation arm_trajectory bimanual body_space hospitality open_arms pose_primary receptive semantic_arms semantic_both semantic_open semantic_receptive semantic_widely static_configuration
66	pending_new51	76	stretch_arms_up	B	movement|pose	arm_trajectory bimanual body_space pose_plus_movement semantic_arms semantic_both semantic_extend semantic_fully semantic_stretching semantic_upward stretching two_stage_gesture upward_axis vitality
67	pending_new51	85	dominance_high_open_hold	B	pose	bimanual body_space dominance_display expansive_power_pose hold open_expansive pause pose_primary semantic_arms semantic_both semantic_dominance semantic_high semantic_hold semantic_maximize semantic_open semantic_perceived static_configuration static_hold static_segment
68	pending_new51	114	contain_space	B	movement|pose	bimanual body_space inward_envelope pose_plus_movement semantic_arms semantic_both semantic_bring semantic_compress semantic_inward semantic_limit semantic_occupied semantic_space space_bounding two_stage_gesture
69	pending_new51	115	expand_space	B	movement|pose	bimanual body_space magnitude pose_plus_movement semantic_arms semantic_both semantic_dominance semantic_increase semantic_openness semantic_outward semantic_perceived semantic_spread space_opening spatial_expansion two_stage_gesture
70	pending_new51	116	compress_space	B	movement|pose	bimanual body_space magnitude pose_plus_movement semantic_arms semantic_both semantic_extent semantic_inward semantic_move semantic_reduce semantic_spatial semantic_symmetrically spatial_compression symmetric_inward two_stage_gesture
71	pending_new51	117	balance_scale	B	movement|pose	bimanual body_space comparison_metaphor dual_arm_opposition magnitude_metaphor pose_plus_movement semantic_alternatives semantic_both semantic_hands semantic_oppositely semantic_raise semantic_weighing two_stage_gesture weighing_alternatives
72	pending_new51	118	push_pull_dual	B	movement|pose	asymmetric_hands backward_axis bimanual body_space forward_axis opposing_hands pose_plus_movement semantic_backward semantic_forward semantic_pulling semantic_push semantic_simultaneously tension_display two_stage_gesture
73	pending_new51	94	abandon_action_drop_turn	W	movement	body_position disengagement drop_away dynamic_only_spec movement_primary rotation semantic_away semantic_disengagement semantic_drop semantic_rotate semantic_torso torso_motion torso_weight
74	pending_new51	121	weight_shift_forward	W	movement|pose	body_position forward_lean_weight pose_plus_movement semantic_engagement semantic_front semantic_increase semantic_shift semantic_weight stance_shift torso_posture torso_weight two_stage_gesture
75	pending_new51	122	weight_shift_backward	W	movement|pose	backward_axis backward_lean_weight behind_body body_position pose_plus_movement semantic_backward semantic_distance semantic_engagement semantic_increase semantic_reduce semantic_shift semantic_weight stance_shift torso_posture torso_weight two_stage_gesture upper_back_target
76	pending_new51	123	torso_rotate_away	W	movement|pose	avoidance_orientation body_orientation body_position pose_plus_movement rotation semantic_away semantic_from semantic_rotate semantic_torso torso_motion torso_posture torso_weight two_stage_gesture
77	pending_new51	124	torso_rotate_toward	W	movement|pose	approach_orientation body_orientation body_position pose_plus_movement rotation semantic_focus semantic_object semantic_rotate semantic_upper torso_posture torso_weight two_stage_gesture
78	pending_new51	125	lean_side_doubt	W	movement|pose	body_position engagement_level lateral_axis pose_plus_movement semantic_doubt semantic_sideways semantic_skepticism semantic_subtly semantic_tilt semantic_torso skeptical_tilt torso_motion torso_posture torso_weight two_stage_gesture
79	pending_new51	127	expand_chest	W	pose	body_position chest_out confidence_posture magnitude pose_primary semantic_chest semantic_confidence semantic_increase semantic_openness semantic_outward semantic_push spatial_expansion static_configuration torso_weight
80	pending_new51	42	escorting_gesture	A & W	movement|pose	accompanying_guide full_body_express guidance pose_plus_movement semantic_extend semantic_guide semantic_orienting semantic_person semantic_torso torso_arm_combo torso_motion two_stage_gesture
81	pending_new51	47	wait_for_me_backward_palm	A & W	movement|pose	backward_axis backward_motion behind_body full_body_express open_hand palm_gesture palm_visible pose_plus_movement semantic_away semantic_backward semantic_extend semantic_moving semantic_palm semantic_request semantic_waiting torso_arm_combo two_stage_gesture upper_back_target wait_for_me
82	pending_new51	58	prevent_fall_support_reach	A & W	movement|pose	emergency_help forward_extension full_body_express pose_plus_movement semantic_balance semantic_extend semantic_losing semantic_quickly semantic_someone semantic_torso spatial_approach support_grasp torso_arm_combo torso_motion two_stage_gesture
83	pending_new51	82	frustration_down_throw	A & W	movement|pose	aggressive_downward downward_axis downward_throw frustration full_body_express pose_plus_movement semantic_arms semantic_downward semantic_frustration semantic_sharply semantic_tension semantic_throw semantic_torso torso_arm_combo torso_motion two_stage_gesture
84	pending_new51	84	submission_lowered_open_palm	A & W	pose	full_body_express open_hand palm_gesture palm_visible pose_primary semantic_lower semantic_open semantic_palms semantic_presenting semantic_submissively semantic_torso static_configuration submissive_offer torso_arm_combo torso_motion
85	pending_new51	86	apology_forward_lowered_hold	A & W	movement|pose	apology forward_axis full_body_express pause pose_plus_movement remorse_posture semantic_apology semantic_arms semantic_forward semantic_lean semantic_lowered semantic_stillness semantic_sustained static_hold submission_posture torso_arm_combo two_stage_gesture
86	pending_new51	33	chin_flick_dismiss	H & F	movement|pose	dismissal_flick dismissive face_hand_combo face_region finger_articulation head_contact pose_plus_movement semantic_beneath semantic_chin semantic_dismissively semantic_fingers semantic_flick semantic_from semantic_outward two_stage_gesture
87	pending_new51	34	cover_ears_too_loud	H & F	movement|pose	face_cover face_hand_combo head_contact head_region inhibition noise_block pose_plus_movement semantic_block semantic_ears semantic_hands semantic_over semantic_overwhelming semantic_place semantic_sound sensory_block two_stage_gesture
88	pending_new51	78	disagreement_cross_then_release	H & F	movement|pose	abstract_essence affirmation barrier closure defensive_posture disagree_then_open face_hand_combo head_contact pose_plus_movement semantic_arms semantic_cross semantic_hands semantic_outward semantic_releasing two_stage_gesture
89	pending_new51	128	eye_widen_surprise	F	movement|pose	eye_region eyelid_opening face_gaze face_region forward_axis gaze_related head_motion pose_plus_movement semantic_attention semantic_enlarge semantic_forward semantic_opening semantic_orienting semantic_rapidly startle startle_face surprise two_stage_gesture
90	pending_new51	130	gaze_shift_avoid	F	movement|pose	attention aversion_gaze disengaged_look face_gaze gaze gaze_shift head_motion pose_plus_movement semantic_away semantic_engagement semantic_from semantic_gaze semantic_redirect semantic_reduce two_stage_gesture
91	pending_essence10	96	tempo_cue	H	essence	abstract_pacing conversation_meta essence_only non_decomposable pacing qualitative_state semantic_communicate semantic_modulate semantic_pacing semantic_speed semantic_timing timing_control timing_essence timing_modulation
92	pending_essence10	142	thinking	M	essence	abstract_essence cognition_state cognitive_gesture cognitive_state essence_only mental_state mid_action_freeze non_decomposable pause qualitative_state semantic_cognition semantic_deliberate semantic_intermittent semantic_movements semantic_pauses semantic_suggesting semantic_sustain temple_contact
93	pending_essence10	143	skepticism	M	essence	abstract_essence doubt doubt_state essence_only mental_state non_decomposable qualitative_state semantic_asymmetric semantic_combine semantic_doubt semantic_restrained
94	pending_essence10	144	agreement	M	essence	abstract_essence affirmation consent_state essence_only mental_state non_decomposable qualitative_state semantic_affirmative semantic_movements semantic_open semantic_orientation semantic_synchronized
95	pending_essence10	145	shame	M	essence	abstract_essence embarrassment essence_only gaze mental_state non_decomposable qualitative_state semantic_gaze semantic_lower semantic_minimize semantic_openness semantic_presence semantic_reduce semantic_social withdrawal_affect
96	pending_essence10	146	confusion	M	essence	abstract_essence confusion disorientation_state essence_only mental_state mid_action_freeze non_decomposable pause qualitative_state semantic_alternate semantic_commitment semantic_directional semantic_hesitant semantic_motions semantic_pauses semantic_stable uncertainty
97	pending_essence10	147	curiosity	M	essence	abstract_essence essence_only exploratory_affect interest mental_state non_decomposable qualitative_state semantic_attention semantic_exploratory semantic_lean semantic_orient
98	pending_essence10	148	anticipation	M	essence	abstract_essence comfort contact_repetition essence_only expectant_state expectation forward_axis mental_state non_decomposable qualitative_state semantic_energetic semantic_forward semantic_maintain semantic_oriented semantic_readiness semantic_restrained tapping
99	pending_essence10	152	hesitation	M	essence	abstract_essence essence_only indecision_state mental_state mid_action_freeze non_decomposable pause pause_mid_action qualitative_state semantic_begin semantic_certainty semantic_continue semantic_midway semantic_pause semantic_reduced uncertainty
100	pending_essence10	153	urgency	M	essence	abstract_essence essence_only haste mental_state mid_action_freeze non_decomposable pause qualitative_state semantic_action semantic_duration semantic_increase semantic_pause semantic_prioritize semantic_rapid semantic_reduce semantic_speed time_pressure_state
